-- MySQL dump 10.13  Distrib 8.0.43, for Win64 (x86_64)
--
-- Host: localhost    Database: vehicle_expense_analytics
-- ------------------------------------------------------
-- Server version	8.0.43

/*!40101 SET @OLD_CHARACTER_SET_CLIENT=@@CHARACTER_SET_CLIENT */;
/*!40101 SET @OLD_CHARACTER_SET_RESULTS=@@CHARACTER_SET_RESULTS */;
/*!40101 SET @OLD_COLLATION_CONNECTION=@@COLLATION_CONNECTION */;
/*!50503 SET NAMES utf8mb4 */;
/*!40103 SET @OLD_TIME_ZONE=@@TIME_ZONE */;
/*!40103 SET TIME_ZONE='+00:00' */;
/*!40014 SET @OLD_UNIQUE_CHECKS=@@UNIQUE_CHECKS, UNIQUE_CHECKS=0 */;
/*!40014 SET @OLD_FOREIGN_KEY_CHECKS=@@FOREIGN_KEY_CHECKS, FOREIGN_KEY_CHECKS=0 */;
/*!40101 SET @OLD_SQL_MODE=@@SQL_MODE, SQL_MODE='NO_AUTO_VALUE_ON_ZERO' */;
/*!40111 SET @OLD_SQL_NOTES=@@SQL_NOTES, SQL_NOTES=0 */;

--
-- Table structure for table `fuel_price_history`
--

DROP TABLE IF EXISTS `fuel_price_history`;
/*!40101 SET @saved_cs_client     = @@character_set_client */;
/*!50503 SET character_set_client = utf8mb4 */;
CREATE TABLE `fuel_price_history` (
  `fuel_price_id` int DEFAULT NULL,
  `fuel_price` decimal(8,2) DEFAULT NULL,
  `price_trend_date` date DEFAULT NULL,
  `modified_date` datetime DEFAULT CURRENT_TIMESTAMP ON UPDATE CURRENT_TIMESTAMP
) ENGINE=InnoDB DEFAULT CHARSET=utf8mb4 COLLATE=utf8mb4_0900_ai_ci;
/*!40101 SET character_set_client = @saved_cs_client */;

--
-- Dumping data for table `fuel_price_history`
--

LOCK TABLES `fuel_price_history` WRITE;
/*!40000 ALTER TABLE `fuel_price_history` DISABLE KEYS */;
INSERT INTO `fuel_price_history` VALUES (1,83.04,'2020-08-21','2026-03-13 19:41:44'),(2,84.75,'2020-09-01','2026-03-13 19:41:44'),(3,83.69,'2020-10-04','2026-03-13 19:41:44'),(4,85.09,'2020-12-07','2026-03-13 19:41:44'),(5,86.51,'2021-01-04','2026-03-13 19:41:44'),(6,89.21,'2021-02-01','2026-03-13 19:41:44'),(7,94.22,'2021-03-11','2026-03-13 19:41:44'),(8,93.59,'2021-04-07','2026-03-13 19:41:44'),(9,97.64,'2021-06-10','2026-03-13 19:41:44'),(10,102.11,'2021-07-02','2026-03-13 19:41:44'),(11,105.25,'2021-08-06','2026-03-13 19:41:44'),(12,104.84,'2021-09-03','2026-03-13 19:41:44'),(13,105.44,'2021-10-22','2026-03-13 19:41:44'),(14,113.56,'2021-11-03','2026-03-13 19:41:44'),(15,100.58,'2021-12-01','2026-03-13 19:41:44'),(16,107.30,'2022-04-13','2026-03-13 19:41:44'),(17,111.09,'2022-05-05','2026-03-13 19:41:44'),(18,87.89,'2022-06-18','2026-03-13 19:41:44'),(19,101.94,'2022-07-05','2026-03-13 19:41:44'),(20,99.93,'2024-03-16','2026-03-13 19:41:44'),(21,102.92,'2024-06-23','2026-03-13 19:41:44');
/*!40000 ALTER TABLE `fuel_price_history` ENABLE KEYS */;
UNLOCK TABLES;

--
-- Table structure for table `locations`
--

DROP TABLE IF EXISTS `locations`;
/*!40101 SET @saved_cs_client     = @@character_set_client */;
/*!50503 SET character_set_client = utf8mb4 */;
CREATE TABLE `locations` (
  `location_id` int NOT NULL,
  `location_name` varchar(100) NOT NULL,
  `locality` varchar(100) DEFAULT NULL,
  `city` varchar(50) DEFAULT NULL,
  `state` varchar(50) DEFAULT NULL,
  `pin_code` int DEFAULT NULL,
  `modified_date` datetime DEFAULT CURRENT_TIMESTAMP ON UPDATE CURRENT_TIMESTAMP,
  PRIMARY KEY (`location_id`)
) ENGINE=InnoDB DEFAULT CHARSET=utf8mb4 COLLATE=utf8mb4_0900_ai_ci;
/*!40101 SET character_set_client = @saved_cs_client */;

--
-- Dumping data for table `locations`
--

LOCK TABLES `locations` WRITE;
/*!40000 ALTER TABLE `locations` DISABLE KEYS */;
INSERT INTO `locations` VALUES (1,'Bharath Petroleum','Krishnarajpuram','Bangalore','Karnataka',560036,'2026-03-13 19:40:20'),(2,'Bharath Petroleum',NULL,'Mysore','Karnataka',570011,'2026-03-13 19:42:55'),(3,'Nice Choice Bags And Helmets','Krishnarajpuram','Bangalore','Karnataka',560036,'2026-03-13 19:40:20'),(4,'Keerthana Motors','Krishnarajpuram','Bangalore','Karnataka',560036,'2026-03-13 19:40:20'),(5,'Suryaprathap Tvs','Tc Palya','Bangalore','Karnataka',560036,'2026-03-13 19:40:20'),(6,'Hp','Mahadevpura','Bangalore','Karnataka',560048,'2026-03-13 19:40:20'),(7,'Online',NULL,'Bangalore','Karnataka',560036,'2026-03-13 19:42:55');
/*!40000 ALTER TABLE `locations` ENABLE KEYS */;
UNLOCK TABLES;

--
-- Table structure for table `products`
--

DROP TABLE IF EXISTS `products`;
/*!40101 SET @saved_cs_client     = @@character_set_client */;
/*!50503 SET character_set_client = utf8mb4 */;
CREATE TABLE `products` (
  `product_id` int NOT NULL,
  `product_name` varchar(100) NOT NULL,
  `brand` varchar(100) DEFAULT NULL,
  `category` varchar(50) DEFAULT NULL,
  `is_fuel` bit(1) DEFAULT NULL,
  `is_service` bit(1) DEFAULT NULL,
  `modified_date` datetime DEFAULT CURRENT_TIMESTAMP ON UPDATE CURRENT_TIMESTAMP,
  PRIMARY KEY (`product_id`)
) ENGINE=InnoDB DEFAULT CHARSET=utf8mb4 COLLATE=utf8mb4_0900_ai_ci;
/*!40101 SET character_set_client = @saved_cs_client */;

--
-- Dumping data for table `products`
--

LOCK TABLES `products` WRITE;
/*!40000 ALTER TABLE `products` DISABLE KEYS */;
INSERT INTO `products` VALUES (1,'Petrol','Regular','Fuel',_binary '',_binary '\0','2026-03-14 18:46:02'),(2,'Full Face Helmet','Vega Bunny Bolt','Safety Gear',_binary '\0',_binary '\0','2026-03-14 18:52:15'),(3,'Puncher',NULL,'Service',_binary '\0',_binary '','2026-03-13 19:41:30'),(4,'General Service',NULL,'Service',_binary '\0',_binary '','2026-03-13 19:41:30'),(5,'Icici Insurance','ICICI','Motor Insurance',_binary '\0',_binary '\0','2026-03-14 18:49:42'),(6,'Polish',NULL,'Maintenance',_binary '\0',_binary '\0','2026-03-13 19:41:30'),(7,'Water Wash',NULL,'Maintenance',_binary '\0',_binary '','2026-03-13 19:41:30'),(8,'Air Filter',NULL,'Accessories',_binary '\0',_binary '\0','2026-03-13 19:41:30'),(9,'Sparkplug',NULL,'Accessories',_binary '\0',_binary '\0','2026-03-13 19:41:30'),(10,'Tyres','MRF','Accessories',_binary '\0',_binary '\0','2026-03-14 18:50:40'),(11,'Clutch Repair',NULL,'Service',_binary '\0',_binary '','2026-03-13 19:41:30'),(12,'Helmet Skull Cap',NULL,'Accessories',_binary '\0',_binary '\0','2026-03-14 18:41:17'),(13,'Battery','Amaron','Accessories',_binary '\0',_binary '\0','2026-03-14 18:51:37'),(14,'Battery Recharge',NULL,'Service',_binary '\0',_binary '','2026-03-13 19:41:30'),(15,'One Way Bolt',NULL,'Accessories',_binary '\0',_binary '\0','2026-03-13 19:41:30'),(16,'Break Pads',NULL,'Accessories',_binary '\0',_binary '\0','2026-03-13 19:41:30'),(17,'Half Face Helmet','Vega','Safety Gear',_binary '\0',_binary '\0','2026-03-14 18:57:00'),(18,'Skull Cap Helmet',NULL,'Safety Gear',_binary '\0',_binary '\0','2026-03-14 18:57:00');
/*!40000 ALTER TABLE `products` ENABLE KEYS */;
UNLOCK TABLES;

--
-- Table structure for table `transactions`
--

DROP TABLE IF EXISTS `transactions`;
/*!40101 SET @saved_cs_client     = @@character_set_client */;
/*!50503 SET character_set_client = utf8mb4 */;
CREATE TABLE `transactions` (
  `transaction_id` int NOT NULL,
  `user_id` int DEFAULT NULL,
  `vehicle_id` int DEFAULT NULL,
  `location_id` int DEFAULT NULL,
  `product_id` int DEFAULT NULL,
  `price` decimal(10,2) DEFAULT NULL,
  `quantity` decimal(10,2) DEFAULT NULL,
  `total_cost` decimal(10,2) DEFAULT NULL,
  `transaction_date` date DEFAULT NULL,
  `modified_date` datetime DEFAULT CURRENT_TIMESTAMP ON UPDATE CURRENT_TIMESTAMP,
  PRIMARY KEY (`transaction_id`),
  KEY `idx_transaction_id` (`transaction_id`),
  KEY `idx_transaction_date` (`transaction_date`),
  KEY `idx_transaction_total_cost` (`total_cost`)
) ENGINE=InnoDB DEFAULT CHARSET=utf8mb4 COLLATE=utf8mb4_0900_ai_ci;
/*!40101 SET character_set_client = @saved_cs_client */;

--
-- Dumping data for table `transactions`
--

LOCK TABLES `transactions` WRITE;
/*!40000 ALTER TABLE `transactions` DISABLE KEYS */;
INSERT INTO `transactions` VALUES (1,1,1,1,1,83.04,1.01,84.00,'2020-08-21','2026-03-13 19:41:58'),(2,1,1,1,1,83.04,1.01,84.00,'2020-08-25','2026-03-13 19:41:58'),(3,1,1,3,17,900.00,1.00,900.00,'2020-08-25','2026-03-14 19:01:00'),(4,1,1,1,1,83.04,1.01,84.00,'2020-08-28','2026-03-13 19:41:58'),(5,1,1,1,1,83.04,1.20,100.00,'2020-08-30','2026-03-13 19:41:58'),(6,1,1,1,1,84.75,1.18,100.00,'2020-09-01','2026-03-13 19:41:58'),(7,1,1,1,1,84.75,1.18,100.00,'2020-09-04','2026-03-13 19:41:58'),(8,1,1,4,3,100.00,1.00,100.00,'2020-09-05','2026-03-13 19:41:58'),(9,1,1,1,1,84.75,2.36,200.00,'2020-09-08','2026-03-13 19:41:58'),(10,1,1,1,1,84.75,1.18,100.00,'2020-09-13','2026-03-13 19:41:58'),(11,1,1,1,1,84.75,2.36,200.00,'2020-09-17','2026-03-13 19:41:58'),(12,1,1,1,1,84.75,2.36,200.00,'2020-09-22','2026-03-13 19:41:58'),(13,1,1,5,4,560.00,1.00,560.00,'2020-09-24','2026-03-13 19:41:58'),(14,1,1,1,1,84.75,2.36,200.00,'2020-09-26','2026-03-13 19:41:58'),(15,1,1,1,1,83.69,2.39,200.00,'2020-10-04','2026-03-13 19:41:58'),(16,1,1,1,1,83.69,1.19,100.00,'2020-10-07','2026-03-13 19:41:58'),(17,1,1,1,1,83.69,2.39,200.00,'2020-10-15','2026-03-13 19:41:58'),(18,1,1,1,1,83.69,2.39,200.00,'2020-10-23','2026-03-13 19:41:58'),(19,1,1,1,1,83.69,2.39,200.00,'2020-10-28','2026-03-13 19:41:58'),(20,1,1,1,1,83.69,1.19,100.00,'2020-11-01','2026-03-13 19:41:58'),(21,1,1,3,18,120.00,1.00,120.00,'2020-11-01','2026-03-14 19:00:57'),(22,1,1,1,1,83.69,2.39,200.00,'2020-11-02','2026-03-13 19:41:58'),(23,1,1,1,1,83.69,1.19,100.00,'2020-11-05','2026-03-13 19:41:58'),(24,1,1,1,1,83.69,2.39,200.00,'2020-11-07','2026-03-13 19:41:58'),(25,1,1,1,1,83.69,2.39,200.00,'2020-11-11','2026-03-13 19:41:58'),(26,1,1,1,1,83.69,1.19,100.00,'2020-11-12','2026-03-13 19:41:58'),(27,1,1,1,1,83.69,1.19,100.00,'2020-11-15','2026-03-13 19:41:58'),(28,1,1,1,1,83.69,2.39,200.00,'2020-11-18','2026-03-13 19:41:58'),(29,1,1,1,1,83.69,1.19,100.00,'2020-11-23','2026-03-13 19:41:58'),(30,1,1,1,1,83.69,1.19,100.00,'2020-11-25','2026-03-13 19:41:58'),(31,1,1,1,1,83.69,2.39,200.00,'2020-11-20','2026-03-13 19:41:58'),(32,1,1,1,1,85.09,2.35,200.00,'2020-12-07','2026-03-13 19:41:58'),(33,1,1,1,1,85.09,3.53,300.00,'2020-12-12','2026-03-13 19:41:58'),(34,1,1,6,1,85.09,0.59,50.00,'2020-12-13','2026-03-13 19:41:58'),(35,1,1,1,1,85.09,2.35,200.00,'2020-12-15','2026-03-13 19:41:58'),(36,1,1,1,1,85.09,2.35,200.00,'2020-12-18','2026-03-13 19:41:58'),(37,1,1,5,4,538.00,1.00,538.00,'2020-12-23','2026-03-13 19:41:58'),(38,1,1,1,1,85.09,2.35,200.00,'2020-12-24','2026-03-13 19:41:58'),(39,1,1,1,1,85.09,1.18,100.00,'2020-12-30','2026-03-13 19:41:58'),(40,1,1,1,1,86.51,2.31,200.00,'2021-01-04','2026-03-13 19:41:58'),(41,1,1,1,1,86.51,1.16,100.00,'2021-01-09','2026-03-13 19:41:58'),(42,1,1,1,1,86.51,2.31,200.00,'2021-01-14','2026-03-13 19:41:58'),(43,1,1,1,1,86.51,2.31,200.00,'2021-01-22','2026-03-13 19:41:58'),(44,1,1,1,1,89.21,2.24,200.00,'2021-02-01','2026-03-13 19:41:58'),(45,1,1,2,1,89.21,6.73,600.00,'2021-02-04','2026-03-13 19:41:58'),(46,1,1,1,1,89.21,1.12,100.00,'2021-02-11','2026-03-13 19:41:58'),(47,1,1,1,1,89.21,2.24,200.00,'2021-02-13','2026-03-13 19:41:58'),(48,1,1,1,1,89.21,2.24,200.00,'2021-02-17','2026-03-13 19:41:58'),(49,1,1,1,1,89.21,3.36,300.00,'2021-02-26','2026-03-13 19:41:58'),(50,1,1,1,1,94.22,2.12,200.00,'2021-03-11','2026-03-13 19:41:58'),(51,1,1,1,1,94.22,2.12,200.00,'2021-03-19','2026-03-13 19:41:58'),(52,1,1,1,1,94.22,2.12,200.00,'2021-03-28','2026-03-13 19:41:58'),(53,1,1,1,1,94.22,1.06,100.00,'2021-03-31','2026-03-13 19:41:58'),(54,1,1,1,1,93.59,2.14,200.00,'2021-04-07','2026-03-13 19:41:58'),(55,1,1,1,1,93.59,1.07,100.00,'2021-04-17','2026-03-13 19:41:58'),(56,1,1,1,1,93.59,1.07,100.00,'2021-04-27','2026-03-13 19:41:58'),(57,1,1,1,1,93.59,2.14,200.00,'2021-05-07','2026-03-13 19:41:58'),(58,1,1,1,1,97.64,2.05,200.00,'2021-06-10','2026-03-13 19:41:58'),(59,1,1,1,1,97.64,2.05,200.00,'2021-06-17','2026-03-13 19:41:58'),(60,1,1,1,1,97.64,1.02,100.00,'2021-06-21','2026-03-13 19:41:58'),(61,1,1,1,1,97.64,1.02,100.00,'2021-06-22','2026-03-13 19:41:58'),(62,1,1,1,1,97.64,2.05,200.00,'2021-06-28','2026-03-13 19:41:58'),(63,1,1,1,1,102.11,1.96,200.00,'2021-07-02','2026-03-13 19:41:58'),(64,1,1,1,1,102.11,0.98,100.00,'2021-07-15','2026-03-13 19:41:58'),(65,1,1,5,4,503.00,1.00,503.00,'2021-07-15','2026-03-13 19:41:58'),(66,1,1,1,1,102.11,2.94,300.00,'2021-07-23','2026-03-13 19:41:58'),(67,1,1,1,1,102.11,1.96,200.00,'2021-07-31','2026-03-13 19:41:58'),(68,1,1,1,1,105.25,1.90,200.00,'2021-08-06','2026-03-13 19:41:58'),(69,1,1,7,5,891.00,1.00,891.00,'2021-08-08','2026-03-13 19:41:58'),(70,1,1,1,1,105.25,1.90,200.00,'2021-08-14','2026-03-13 19:41:58'),(71,1,1,1,1,105.25,1.90,200.00,'2021-08-28','2026-03-13 19:41:58'),(72,1,1,1,1,104.84,1.91,200.00,'2021-09-03','2026-03-13 19:41:58'),(73,1,1,1,1,105.44,1.90,200.00,'2021-10-22','2026-03-13 19:41:58'),(74,1,1,1,1,113.56,1.76,200.00,'2021-11-03','2026-03-13 19:41:58'),(75,1,1,1,1,113.56,2.64,300.00,'2021-11-12','2026-03-13 19:41:58'),(76,1,1,1,1,113.56,1.76,200.00,'2021-11-19','2026-03-13 19:41:58'),(77,1,1,1,1,113.56,2.20,250.00,'2021-11-23','2026-03-13 19:41:58'),(78,1,1,1,1,100.58,1.99,200.00,'2021-12-01','2026-03-13 19:41:58'),(79,1,1,1,1,100.58,1.99,200.00,'2021-12-06','2026-03-13 19:41:58'),(80,1,1,1,1,100.58,1.99,200.00,'2021-12-15','2026-03-13 19:41:58'),(81,1,1,1,1,100.58,0.99,100.00,'2021-12-21','2026-03-13 19:41:58'),(82,1,1,1,1,100.58,0.99,100.00,'2021-12-28','2026-03-13 19:41:58'),(83,1,1,1,1,100.58,1.99,200.00,'2022-01-02','2026-03-13 19:41:58'),(84,1,1,1,1,100.58,1.99,200.00,'2022-01-17','2026-03-13 19:41:58'),(85,1,1,1,1,100.58,1.99,200.00,'2022-01-30','2026-03-13 19:41:58'),(86,1,1,1,1,100.58,1.99,200.00,'2022-02-07','2026-03-13 19:41:58'),(87,1,1,1,1,100.58,1.99,200.00,'2022-02-16','2026-03-13 19:41:58'),(88,1,1,1,1,100.58,2.98,300.00,'2022-02-23','2026-03-13 19:41:58'),(89,1,1,5,4,450.00,1.00,450.00,'2022-02-23','2026-03-13 19:41:58'),(90,1,1,1,1,100.58,1.99,200.00,'2022-03-02','2026-03-13 19:41:58'),(91,1,1,1,1,100.58,2.98,300.00,'2022-03-07','2026-03-13 19:41:58'),(92,1,1,1,1,100.58,0.99,100.00,'2022-03-11','2026-03-13 19:41:58'),(93,1,1,1,1,100.58,0.99,100.00,'2022-03-19','2026-03-13 19:41:58'),(94,1,1,1,1,100.58,0.99,100.00,'2022-03-26','2026-03-13 19:41:58'),(95,1,1,1,1,100.58,1.99,200.00,'2022-03-31','2026-03-13 19:41:58'),(96,1,1,1,1,107.30,1.86,200.00,'2022-04-13','2026-03-13 19:41:58'),(97,1,1,1,1,107.30,1.86,200.00,'2022-04-18','2026-03-13 19:41:58'),(98,1,1,1,1,107.30,0.93,100.00,'2022-04-23','2026-03-13 19:41:58'),(99,1,1,1,1,107.30,1.86,200.00,'2022-04-25','2026-03-13 19:41:58'),(100,1,1,1,1,111.09,1.80,200.00,'2022-05-05','2026-03-13 19:41:58'),(101,1,1,1,1,111.09,2.70,300.00,'2022-05-11','2026-03-13 19:41:58'),(102,1,1,1,1,111.09,2.70,300.00,'2022-05-16','2026-03-13 19:41:58'),(103,1,1,1,1,111.09,1.80,200.00,'2022-05-22','2026-03-13 19:41:58'),(104,1,1,1,1,111.09,1.80,200.00,'2022-05-24','2026-03-13 19:41:58'),(105,1,1,1,1,111.09,1.80,200.00,'2022-05-30','2026-03-13 19:41:58'),(106,1,1,1,1,87.89,2.28,200.00,'2022-06-18','2026-03-13 19:41:58'),(107,1,1,1,1,87.89,2.28,200.00,'2022-06-25','2026-03-13 19:41:58'),(108,1,1,1,1,101.94,0.98,100.00,'2022-07-05','2026-03-13 19:41:58'),(109,1,1,1,1,101.94,1.96,200.00,'2022-07-08','2026-03-13 19:41:58'),(110,1,1,1,1,101.94,0.98,100.00,'2022-07-11','2026-03-13 19:41:58'),(111,1,1,4,3,100.00,1.00,100.00,'2022-07-13','2026-03-13 19:41:58'),(112,1,1,1,1,101.94,1.96,200.00,'2022-07-19','2026-03-13 19:41:58'),(113,1,1,1,1,101.94,1.96,200.00,'2022-07-23','2026-03-13 19:41:58'),(114,1,1,1,1,101.94,1.96,200.00,'2022-07-28','2026-03-13 19:41:58'),(115,1,1,1,1,101.94,0.98,100.00,'2022-07-29','2026-03-13 19:41:58'),(116,1,1,1,1,101.94,1.96,200.00,'2022-08-08','2026-03-13 19:41:58'),(117,1,1,1,1,101.94,1.96,200.00,'2022-08-14','2026-03-13 19:41:58'),(118,1,1,7,5,780.00,1.00,780.00,'2022-08-22','2026-03-13 19:41:58'),(119,1,1,1,1,101.94,1.96,200.00,'2022-08-23','2026-03-13 19:41:58'),(120,1,1,1,1,101.94,1.96,200.00,'2022-09-02','2026-03-13 19:41:58'),(121,1,1,1,1,101.94,0.98,100.00,'2022-09-12','2026-03-13 19:41:58'),(122,1,1,1,1,101.94,0.98,100.00,'2022-09-16','2026-03-13 19:41:58'),(123,1,1,4,4,1000.00,1.00,1000.00,'2022-09-16','2026-03-13 19:41:58'),(124,1,1,1,1,101.94,0.98,100.00,'2022-09-19','2026-03-13 19:41:58'),(125,1,1,1,1,101.94,1.96,200.00,'2022-09-22','2026-03-13 19:41:58'),(126,1,1,1,1,101.94,0.98,100.00,'2022-09-30','2026-03-13 19:41:58'),(127,1,1,1,1,101.94,1.96,200.00,'2022-10-05','2026-03-13 19:41:58'),(128,1,1,1,1,101.94,1.96,200.00,'2022-10-11','2026-03-13 19:41:58'),(129,1,1,1,1,101.94,1.96,200.00,'2022-10-15','2026-03-13 19:41:58'),(130,1,1,1,1,101.94,1.96,200.00,'2022-10-16','2026-03-13 19:41:58'),(131,1,1,1,1,101.94,1.96,200.00,'2022-10-21','2026-03-13 19:41:58'),(132,1,1,1,1,101.94,0.98,100.00,'2022-10-25','2026-03-13 19:41:58'),(133,1,1,1,1,101.94,1.96,200.00,'2022-10-27','2026-03-13 19:41:58'),(134,1,1,1,1,101.94,1.96,200.00,'2022-11-04','2026-03-13 19:41:58'),(135,1,1,1,1,101.94,1.96,200.00,'2022-11-10','2026-03-13 19:41:58'),(136,1,1,1,1,101.94,1.96,200.00,'2022-11-16','2026-03-13 19:41:58'),(137,1,1,1,1,101.94,0.98,100.00,'2022-11-19','2026-03-13 19:41:58'),(138,1,1,1,1,101.94,1.96,200.00,'2022-11-22','2026-03-13 19:41:58'),(139,1,1,1,6,200.00,1.00,200.00,'2022-11-22','2026-03-13 19:41:58'),(140,1,1,1,1,101.94,1.96,200.00,'2022-11-29','2026-03-13 19:41:58'),(141,1,1,1,1,101.94,1.96,200.00,'2022-12-03','2026-03-13 19:41:58'),(142,1,1,1,1,101.94,0.98,100.00,'2022-12-06','2026-03-13 19:41:58'),(143,1,1,1,1,101.94,1.96,200.00,'2022-12-09','2026-03-13 19:41:58'),(144,1,1,1,1,101.94,1.96,200.00,'2022-12-18','2026-03-13 19:41:58'),(145,1,1,1,1,101.94,1.96,200.00,'2022-12-22','2026-03-13 19:41:58'),(146,1,1,1,1,101.94,0.98,100.00,'2022-12-29','2026-03-13 19:41:58'),(147,1,1,1,1,101.94,0.98,100.00,'2022-12-31','2026-03-13 19:41:58'),(148,1,1,1,1,101.94,2.94,300.00,'2023-01-04','2026-03-13 19:41:58'),(149,1,1,4,7,120.00,1.00,120.00,'2023-01-07','2026-03-13 19:41:58'),(150,1,1,1,1,101.94,2.94,300.00,'2023-01-14','2026-03-13 19:41:58'),(151,1,1,1,1,101.94,2.94,300.00,'2023-01-30','2026-03-13 19:41:58'),(152,1,1,1,1,101.94,2.94,300.00,'2023-02-10','2026-03-13 19:41:58'),(153,1,1,1,1,101.94,2.94,300.00,'2023-02-19','2026-03-13 19:41:58'),(154,1,1,1,1,101.94,2.94,300.00,'2023-03-02','2026-03-13 19:41:58'),(155,1,1,1,1,101.94,2.94,300.00,'2023-03-16','2026-03-13 19:41:58'),(156,1,1,1,1,101.94,2.94,300.00,'2023-03-22','2026-03-13 19:41:58'),(157,1,1,1,1,101.94,2.94,300.00,'2023-03-31','2026-03-13 19:41:58'),(158,1,1,1,1,101.94,2.94,300.00,'2023-04-15','2026-03-13 19:41:58'),(159,1,1,1,1,101.94,2.94,300.00,'2023-04-29','2026-03-13 19:41:58'),(160,1,1,1,1,101.94,2.94,300.00,'2023-05-07','2026-03-13 19:41:58'),(161,1,1,1,1,101.94,1.96,200.00,'2023-05-27','2026-03-13 19:41:58'),(162,1,1,1,1,101.94,2.94,300.00,'2023-06-04','2026-03-13 19:41:58'),(163,1,1,1,1,101.94,2.94,300.00,'2023-06-18','2026-03-13 19:41:58'),(164,1,1,4,4,900.00,1.00,900.00,'2023-06-29','2026-03-13 19:41:58'),(165,1,1,1,1,101.94,2.94,300.00,'2023-07-05','2026-03-13 19:41:58'),(166,1,1,1,1,101.94,2.94,300.00,'2023-07-15','2026-03-13 19:41:58'),(167,1,1,1,1,101.94,2.94,300.00,'2023-08-05','2026-03-13 19:41:58'),(168,1,1,4,8,350.00,1.00,350.00,'2023-08-05','2026-03-13 19:41:58'),(169,1,1,4,9,150.00,1.00,150.00,'2023-08-05','2026-03-13 19:41:58'),(170,1,1,4,7,100.00,1.00,100.00,'2023-08-05','2026-03-13 19:41:58'),(171,1,1,7,5,1013.00,1.00,1013.00,'2023-08-19','2026-03-13 19:41:58'),(172,1,1,1,1,101.94,2.94,300.00,'2023-08-20','2026-03-13 19:41:58'),(173,1,1,1,1,101.94,2.94,300.00,'2023-09-02','2026-03-13 19:41:58'),(174,1,1,1,1,101.94,2.94,300.00,'2023-09-10','2026-03-13 19:41:58'),(175,1,1,1,1,101.94,2.94,300.00,'2023-09-17','2026-03-13 19:41:58'),(176,1,1,1,1,101.94,2.94,300.00,'2023-09-30','2026-03-13 19:41:58'),(177,1,1,1,1,101.94,2.94,300.00,'2023-10-15','2026-03-13 19:41:58'),(178,1,1,4,7,150.00,1.00,150.00,'2023-10-23','2026-03-13 19:41:58'),(179,1,1,1,1,101.94,2.94,300.00,'2023-10-24','2026-03-13 19:41:58'),(180,1,1,4,3,100.00,1.00,100.00,'2023-10-25','2026-03-13 19:41:58'),(181,1,1,1,1,101.94,2.94,300.00,'2023-11-10','2026-03-13 19:41:58'),(182,1,1,1,1,101.94,2.94,300.00,'2023-11-19','2026-03-13 19:41:58'),(183,1,1,1,1,101.94,2.94,300.00,'2023-11-26','2026-03-13 19:41:58'),(184,1,1,1,1,101.94,2.94,300.00,'2023-12-13','2026-03-13 19:41:58'),(185,1,1,1,1,101.94,2.94,300.00,'2023-12-17','2026-03-13 19:41:58'),(186,1,1,1,1,101.94,2.94,300.00,'2024-01-09','2026-03-13 19:41:58'),(187,1,1,1,1,101.94,2.94,300.00,'2024-01-14','2026-03-13 19:41:58'),(188,1,1,1,1,101.94,2.94,300.00,'2024-01-26','2026-03-13 19:41:58'),(189,1,1,1,1,101.94,2.94,300.00,'2024-02-04','2026-03-13 19:41:58'),(190,1,1,1,1,101.94,2.94,300.00,'2024-02-18','2026-03-13 19:41:58'),(191,1,1,1,1,101.94,2.94,300.00,'2024-02-24','2026-03-13 19:41:58'),(192,1,1,4,7,150.00,1.00,150.00,'2024-02-24','2026-03-13 19:41:58'),(193,1,1,1,1,101.94,2.94,300.00,'2024-03-08','2026-03-13 19:41:58'),(194,1,1,1,1,99.93,3.00,300.00,'2024-03-16','2026-03-13 19:41:58'),(195,1,1,4,10,4350.00,1.00,4350.00,'2024-03-23','2026-03-13 19:41:58'),(196,1,1,1,1,99.93,3.00,300.00,'2024-03-30','2026-03-13 19:41:58'),(197,1,1,1,1,99.93,3.00,300.00,'2024-04-06','2026-03-13 19:41:58'),(198,1,1,1,1,99.93,3.00,300.00,'2024-04-21','2026-03-13 19:41:58'),(199,1,1,1,1,99.93,3.00,300.00,'2024-05-08','2026-03-13 19:41:58'),(200,1,1,1,1,99.93,3.00,300.00,'2024-05-20','2026-03-13 19:41:58'),(201,1,1,4,4,1000.00,1.00,1000.00,'2024-06-02','2026-03-13 19:41:58'),(202,1,1,1,1,99.93,3.00,300.00,'2024-06-03','2026-03-13 19:41:58'),(203,1,1,1,1,102.92,2.91,300.00,'2024-06-23','2026-03-13 19:43:17'),(204,1,1,1,1,102.92,2.91,300.00,'2024-06-29','2026-03-13 19:43:17'),(205,1,1,1,1,102.92,2.91,300.00,'2024-07-12','2026-03-13 19:43:17'),(206,1,1,1,1,102.92,2.91,300.00,'2024-08-01','2026-03-13 19:43:17'),(207,1,1,1,1,102.92,2.91,300.00,'2024-08-12','2026-03-13 19:43:17'),(208,1,1,7,5,601.00,1.00,601.00,'2024-08-18','2026-03-13 19:41:58'),(209,1,1,1,1,102.92,2.91,300.00,'2024-08-21','2026-03-13 19:43:17'),(210,1,1,1,1,102.92,2.91,300.00,'2024-09-06','2026-03-13 19:43:17'),(211,1,1,1,1,102.92,2.91,300.00,'2024-09-19','2026-03-13 19:43:17'),(212,1,1,1,1,102.92,2.91,300.00,'2024-10-02','2026-03-13 19:43:17'),(213,1,1,4,7,150.00,1.00,150.00,'2024-10-10','2026-03-13 19:41:58'),(214,1,1,1,1,102.92,2.91,300.00,'2024-10-11','2026-03-13 19:43:17'),(215,1,1,1,1,102.92,2.91,300.00,'2024-11-01','2026-03-13 19:43:17'),(216,1,1,1,1,102.92,2.91,300.00,'2024-11-10','2026-03-13 19:43:17'),(217,1,1,1,1,102.92,2.91,300.00,'2024-11-16','2026-03-13 19:43:17'),(218,1,1,1,1,102.92,2.91,300.00,'2024-11-23','2026-03-13 19:43:17'),(219,1,1,4,11,1400.00,1.00,1400.00,'2024-11-27','2026-03-13 19:41:58'),(220,1,1,1,1,102.92,2.91,300.00,'2024-12-06','2026-03-13 19:43:17'),(221,1,1,3,2,1800.00,1.00,1800.00,'2024-12-12','2026-03-13 19:41:58'),(222,1,1,4,12,80.00,1.00,80.00,'2024-12-12','2026-03-13 19:41:58'),(223,1,1,1,1,102.92,2.91,300.00,'2024-12-18','2026-03-13 19:43:17'),(224,1,1,4,13,1400.00,1.00,1400.00,'2025-01-01','2026-03-13 19:41:58'),(225,1,1,1,1,102.92,2.91,300.00,'2025-01-08','2026-03-13 19:43:17'),(226,1,1,1,1,102.92,2.91,300.00,'2025-01-18','2026-03-13 19:43:17'),(227,1,1,1,1,102.92,2.91,300.00,'2025-02-02','2026-03-13 19:43:17'),(228,1,1,1,1,102.92,2.91,300.00,'2025-02-17','2026-03-13 19:43:17'),(229,1,1,1,1,102.92,2.91,300.00,'2025-02-28','2026-03-13 19:43:17'),(230,1,1,1,1,102.92,2.91,300.00,'2025-03-08','2026-03-13 19:43:17'),(231,1,1,1,1,102.92,2.91,300.00,'2025-03-19','2026-03-13 19:43:17'),(232,1,1,1,1,102.92,2.91,300.00,'2025-03-29','2026-03-13 19:43:17'),(233,1,1,1,1,102.92,2.91,300.00,'2025-04-09','2026-03-13 19:43:17'),(234,1,1,4,14,150.00,1.00,150.00,'2025-04-22','2026-03-13 19:41:58'),(235,1,1,1,1,102.92,2.91,300.00,'2025-04-24','2026-03-13 19:43:17'),(236,1,1,4,4,1000.00,1.00,1000.00,'2025-04-28','2026-03-13 19:41:58'),(237,1,1,4,15,700.00,1.00,700.00,'2025-04-28','2026-03-13 19:41:58'),(238,1,1,1,1,102.92,2.91,300.00,'2025-05-01','2026-03-13 19:43:17'),(239,1,1,4,15,100.00,1.00,100.00,'2025-05-05','2026-03-13 19:41:58'),(240,1,1,1,1,102.92,2.91,300.00,'2025-05-07','2026-03-13 19:43:17'),(241,1,1,1,1,102.92,3.92,403.00,'2025-05-09','2026-03-13 19:43:17'),(242,1,1,1,1,102.92,1.87,192.00,'2025-05-11','2026-03-13 19:43:17'),(243,1,1,1,1,102.92,5.58,574.00,'2025-05-19','2026-03-13 19:43:17'),(244,1,1,1,1,102.92,5.47,563.00,'2025-05-25','2026-03-13 19:43:17'),(245,1,1,1,1,102.92,5.25,540.00,'2025-06-01','2026-03-13 19:43:17'),(246,1,1,1,1,102.92,5.01,525.00,'2025-06-06','2026-03-13 19:43:17'),(247,1,1,1,1,102.92,4.47,460.00,'2025-06-13','2026-03-13 19:43:17'),(248,1,1,1,1,102.92,5.47,563.00,'2025-06-21','2026-03-13 19:43:17'),(249,1,1,1,1,102.92,0.97,100.00,'2025-06-27','2026-03-13 19:43:17'),(250,1,1,1,1,102.92,5.23,533.00,'2025-06-29','2026-03-13 19:43:17'),(251,1,1,1,1,102.92,5.24,539.00,'2025-07-06','2026-03-13 19:43:17'),(252,1,1,1,1,102.92,4.89,503.00,'2025-07-12','2026-03-13 19:43:17'),(253,1,1,1,1,102.92,5.57,573.00,'2025-07-20','2026-03-13 19:43:17'),(254,1,1,1,1,102.92,0.98,101.00,'2025-07-26','2026-03-13 19:43:17'),(255,1,1,1,1,102.92,4.76,490.00,'2025-07-27','2026-03-13 19:43:17'),(256,1,1,1,1,102.92,5.58,574.00,'2025-08-03','2026-03-13 19:43:17'),(257,1,1,4,4,1000.00,1.00,1000.00,'2025-08-03','2026-03-13 19:41:58'),(258,1,1,4,16,500.00,1.00,500.00,'2025-08-03','2026-03-13 19:41:58'),(259,1,1,1,1,102.92,2.91,300.00,'2025-08-11','2026-03-13 19:43:17'),(260,1,1,1,1,102.92,2.91,300.00,'2025-08-28','2026-03-13 19:43:17'),(261,1,1,1,1,102.92,2.91,300.00,'2025-09-01','2026-03-13 19:43:17'),(262,1,1,1,1,102.92,2.91,300.00,'2025-09-05','2026-03-13 19:43:17'),(263,1,1,1,1,102.92,2.91,300.00,'2025-09-10','2026-03-13 19:43:17'),(264,1,1,1,1,102.92,2.91,300.00,'2025-09-15','2026-03-13 19:43:17'),(265,1,1,1,1,102.92,2.91,300.00,'2025-09-19','2026-03-13 19:43:17'),(266,1,1,1,1,102.92,2.91,300.00,'2025-09-23','2026-03-13 19:43:17'),(267,1,1,1,1,102.92,2.91,300.00,'2025-09-28','2026-03-13 19:43:17'),(268,1,1,1,1,102.92,2.91,300.00,'2025-10-01','2026-03-13 19:43:17'),(269,1,1,4,7,150.00,1.00,150.00,'2025-10-01','2026-03-13 19:41:58'),(270,1,1,1,1,102.92,2.91,300.00,'2025-10-07','2026-03-13 19:43:17'),(271,1,1,1,1,102.92,2.91,300.00,'2025-10-12','2026-03-13 19:43:17'),(272,1,1,1,1,102.92,2.91,300.00,'2025-10-15','2026-03-13 19:43:17'),(273,1,1,1,1,102.92,2.91,300.00,'2025-10-21','2026-03-13 19:43:17'),(274,1,1,1,1,102.92,2.91,300.00,'2025-10-29','2026-03-13 19:43:17'),(275,1,1,1,1,102.92,2.91,300.00,'2025-11-01','2026-03-13 19:43:17'),(276,1,1,1,1,102.92,1.94,200.00,'2025-11-08','2026-03-13 19:43:17'),(277,1,1,1,1,102.92,1.94,200.00,'2025-11-15','2026-03-13 19:43:17'),(278,1,1,1,1,102.92,1.94,200.00,'2025-11-20','2026-03-13 19:43:17'),(279,1,1,4,14,150.00,1.00,150.00,'2025-11-27','2026-03-13 19:41:58'),(280,1,1,1,1,102.92,1.94,200.00,'2025-12-03','2026-03-13 19:43:17'),(281,1,1,1,1,102.92,2.91,300.00,'2025-12-07','2026-03-13 19:43:17'),(282,1,1,1,1,102.92,1.94,200.00,'2025-12-19','2026-03-13 19:43:17'),(283,1,1,1,1,102.92,0.94,100.00,'2025-12-24','2026-03-13 19:43:17'),(284,1,1,1,1,102.92,0.94,100.00,'2025-12-28','2026-03-13 19:43:17');
/*!40000 ALTER TABLE `transactions` ENABLE KEYS */;
UNLOCK TABLES;

--
-- Table structure for table `users`
--

DROP TABLE IF EXISTS `users`;
/*!40101 SET @saved_cs_client     = @@character_set_client */;
/*!50503 SET character_set_client = utf8mb4 */;
CREATE TABLE `users` (
  `user_id` int NOT NULL,
  `user_name` varchar(100) NOT NULL,
  `email` varchar(100) DEFAULT NULL,
  `address` varchar(100) DEFAULT NULL,
  `modified_date` datetime DEFAULT CURRENT_TIMESTAMP ON UPDATE CURRENT_TIMESTAMP,
  PRIMARY KEY (`user_id`),
  UNIQUE KEY `email` (`email`)
) ENGINE=InnoDB DEFAULT CHARSET=utf8mb4 COLLATE=utf8mb4_0900_ai_ci;
/*!40101 SET character_set_client = @saved_cs_client */;

--
-- Dumping data for table `users`
--

LOCK TABLES `users` WRITE;
/*!40000 ALTER TABLE `users` DISABLE KEYS */;
INSERT INTO `users` VALUES (1,'Kishore Kumar','kishorekumarys.98@gmail.com','Bangalore','2026-03-13 19:39:30');
/*!40000 ALTER TABLE `users` ENABLE KEYS */;
UNLOCK TABLES;

--
-- Temporary view structure for view `v_bike_expenses_metrics`
--

DROP TABLE IF EXISTS `v_bike_expenses_metrics`;
/*!50001 DROP VIEW IF EXISTS `v_bike_expenses_metrics`*/;
SET @saved_cs_client     = @@character_set_client;
/*!50503 SET character_set_client = utf8mb4 */;
/*!50001 CREATE VIEW `v_bike_expenses_metrics` AS SELECT 
 1 AS `transaction_date`,
 1 AS `vehicle_model`,
 1 AS `location_name`,
 1 AS `locality`,
 1 AS `city`,
 1 AS `state`,
 1 AS `pin_code`,
 1 AS `product_name`,
 1 AS `brand`,
 1 AS `category`,
 1 AS `is_fuel`,
 1 AS `price`,
 1 AS `quantity`,
 1 AS `total_cost`*/;
SET character_set_client = @saved_cs_client;

--
-- Table structure for table `vehicles`
--

DROP TABLE IF EXISTS `vehicles`;
/*!40101 SET @saved_cs_client     = @@character_set_client */;
/*!50503 SET character_set_client = utf8mb4 */;
CREATE TABLE `vehicles` (
  `vehicle_id` int NOT NULL,
  `vehicle_model` varchar(100) NOT NULL,
  `brand` varchar(100) DEFAULT NULL,
  `engine_cc` int DEFAULT NULL,
  `vehicle_cost` int DEFAULT NULL,
  `purchase_date` date DEFAULT NULL,
  `modified_date` datetime DEFAULT CURRENT_TIMESTAMP ON UPDATE CURRENT_TIMESTAMP,
  PRIMARY KEY (`vehicle_id`)
) ENGINE=InnoDB DEFAULT CHARSET=utf8mb4 COLLATE=utf8mb4_0900_ai_ci;
/*!40101 SET character_set_client = @saved_cs_client */;

--
-- Dumping data for table `vehicles`
--

LOCK TABLES `vehicles` WRITE;
/*!40000 ALTER TABLE `vehicles` DISABLE KEYS */;
INSERT INTO `vehicles` VALUES (1,'Tvs Ntorq 125 Race Edition','TVS',125,100850,'2020-08-20','2026-03-25 20:31:47');
/*!40000 ALTER TABLE `vehicles` ENABLE KEYS */;
UNLOCK TABLES;

--
-- Final view structure for view `v_bike_expenses_metrics`
--

/*!50001 DROP VIEW IF EXISTS `v_bike_expenses_metrics`*/;
/*!50001 SET @saved_cs_client          = @@character_set_client */;
/*!50001 SET @saved_cs_results         = @@character_set_results */;
/*!50001 SET @saved_col_connection     = @@collation_connection */;
/*!50001 SET character_set_client      = utf8mb4 */;
/*!50001 SET character_set_results     = utf8mb4 */;
/*!50001 SET collation_connection      = utf8mb4_0900_ai_ci */;
/*!50001 CREATE ALGORITHM=UNDEFINED */
/*!50013 DEFINER=`root`@`localhost` SQL SECURITY DEFINER */
/*!50001 VIEW `v_bike_expenses_metrics` AS select `t`.`transaction_date` AS `transaction_date`,`v`.`vehicle_model` AS `vehicle_model`,`l`.`location_name` AS `location_name`,`l`.`locality` AS `locality`,`l`.`city` AS `city`,`l`.`state` AS `state`,`l`.`pin_code` AS `pin_code`,`p`.`product_name` AS `product_name`,`p`.`brand` AS `brand`,`p`.`category` AS `category`,`p`.`is_fuel` AS `is_fuel`,`t`.`price` AS `price`,`t`.`quantity` AS `quantity`,`t`.`total_cost` AS `total_cost` from ((((`transactions` `t` left join `users` `u` on((`t`.`transaction_id` = `u`.`user_id`))) left join `vehicles` `v` on((`t`.`vehicle_id` = `v`.`vehicle_id`))) left join `locations` `l` on((`t`.`location_id` = `l`.`location_id`))) left join `products` `p` on((`t`.`product_id` = `p`.`product_id`))) */;
/*!50001 SET character_set_client      = @saved_cs_client */;
/*!50001 SET character_set_results     = @saved_cs_results */;
/*!50001 SET collation_connection      = @saved_col_connection */;
/*!40103 SET TIME_ZONE=@OLD_TIME_ZONE */;

/*!40101 SET SQL_MODE=@OLD_SQL_MODE */;
/*!40014 SET FOREIGN_KEY_CHECKS=@OLD_FOREIGN_KEY_CHECKS */;
/*!40014 SET UNIQUE_CHECKS=@OLD_UNIQUE_CHECKS */;
/*!40101 SET CHARACTER_SET_CLIENT=@OLD_CHARACTER_SET_CLIENT */;
/*!40101 SET CHARACTER_SET_RESULTS=@OLD_CHARACTER_SET_RESULTS */;
/*!40101 SET COLLATION_CONNECTION=@OLD_COLLATION_CONNECTION */;
/*!40111 SET SQL_NOTES=@OLD_SQL_NOTES */;

-- Dump completed on 2026-03-25 22:20:06
